tipo_dado,dimensao,k_c,threads,tempo_paralelo_s,tempo_seq_s,gflops,overhead_s,speedup,eficiencia,funcao_referencia_cblas,tempo_cblas_s,gflops_cblas,status
float,1000,64,2,0.309208,0.389046,6.46813,0.22937,1.2582,0.629101,cblas_sgemm,0.0419848,47.6363,OK
float,1000,96,2,0.288247,0.283674,6.93849,0.29282,0.984135,0.492068,cblas_sgemm,0.0419848,47.6363,OK
float,1000,128,2,0.257433,0.260943,7.76902,0.253922,1.01364,0.506819,cblas_sgemm,0.0419848,47.6363,OK
float,1000,192,2,0.248979,0.254793,8.03279,0.243166,1.02335,0.511675,cblas_sgemm,0.0419848,47.6363,OK
float,1000,256,2,0.25098,0.23246,7.96876,0.269501,0.926207,0.463103,cblas_sgemm,0.0419848,47.6363,OK
float,1000,384,2,0.230369,0.23254,8.68173,0.228198,1.00942,0.504712,cblas_sgemm,0.0419848,47.6363,OK
float,1000,512,2,0.244501,0.281151,8.17992,0.207851,1.1499,0.574948,cblas_sgemm,0.0419848,47.6363,OK
float,1000,1000,2,0.20708,0.227756,9.65812,0.186403,1.09985,0.549925,cblas_sgemm,0.0419848,47.6363,OK
double,1000,64,2,0.451897,0.556584,4.42579,0.34721,1.23166,0.615831,cblas_dgemm,0.0566677,35.2935,OK
double,1000,96,2,0.459074,0.50556,4.35659,0.412589,1.10126,0.55063,cblas_dgemm,0.0566677,35.2935,OK
double,1000,128,2,0.446327,0.499353,4.48102,0.393301,1.1188,0.559402,cblas_dgemm,0.0566677,35.2935,OK
double,1000,192,2,0.469034,0.478693,4.26408,0.459375,1.02059,0.510297,cblas_dgemm,0.0566677,35.2935,OK
double,1000,256,2,0.447618,0.462762,4.46809,0.432474,1.03383,0.516916,cblas_dgemm,0.0566677,35.2935,OK
double,1000,384,2,0.444793,0.457531,4.49647,0.432055,1.02864,0.514319,cblas_dgemm,0.0566677,35.2935,OK
double,1000,512,2,0.82011,0.733532,2.4387,0.906687,0.894432,0.447216,cblas_dgemm,0.0566677,35.2935,OK
double,1000,1000,2,0.74868,0.826044,2.67137,0.671317,1.10333,0.551666,cblas_dgemm,0.0566677,35.2935,OK
float,2000,64,2,2.36482,2.36457,6.76586,2.36506,0.999897,0.499948,cblas_sgemm,0.326749,48.9673,OK
float,2000,96,2,2.3568,2.30704,6.78886,2.40657,0.978885,0.489442,cblas_sgemm,0.326749,48.9673,OK
float,2000,128,2,2.27404,3.35485,7.03593,1.19323,1.47528,0.737641,cblas_sgemm,0.326749,48.9673,OK
float,2000,192,2,1.97676,2.08124,8.09407,1.87227,1.05286,0.526429,cblas_sgemm,0.326749,48.9673,OK
float,2000,256,2,1.82875,1.91463,8.74913,1.74288,1.04696,0.523479,cblas_sgemm,0.326749,48.9673,OK
float,2000,384,2,2.16777,3.03476,7.38087,1.30078,1.39995,0.699973,cblas_sgemm,0.326749,48.9673,OK
float,2000,512,2,2.04403,2.25357,7.82766,1.8345,1.10251,0.551256,cblas_sgemm,0.326749,48.9673,OK
float,2000,1000,2,1.95981,2.34749,8.16407,1.57213,1.19782,0.598908,cblas_sgemm,0.326749,48.9673,OK
float,2000,2000,2,2.1179,3.878,7.55466,0.357794,1.83106,0.915531,cblas_sgemm,0.326749,48.9673,OK
double,2000,64,2,6.24053,3.99845,2.56388,8.48261,0.640723,0.320362,cblas_dgemm,0.439742,36.385,OK
double,2000,96,2,3.74664,4.05432,4.27049,3.43897,1.08212,0.54106,cblas_dgemm,0.439742,36.385,OK
double,2000,128,2,3.66656,5.22727,4.36377,2.10585,1.42566,0.71283,cblas_dgemm,0.439742,36.385,OK
double,2000,192,2,5.80989,3.97711,2.75393,7.64267,0.684542,0.342271,cblas_dgemm,0.439742,36.385,OK
double,2000,256,2,3.45526,3.75175,4.63062,3.15877,1.08581,0.542904,cblas_dgemm,0.439742,36.385,OK
double,2000,384,2,3.80266,4.90978,4.20758,2.69554,1.29114,0.645571,cblas_dgemm,0.439742,36.385,OK
double,2000,512,2,4.77105,4.42146,3.35356,5.12064,0.926728,0.463364,cblas_dgemm,0.439742,36.385,OK
double,2000,1000,2,3.74773,5.01406,4.26925,2.48139,1.33789,0.668947,cblas_dgemm,0.439742,36.385,OK
double,2000,2000,2,5.16392,7.9399,3.09842,2.38794,1.53757,0.768786,cblas_dgemm,0.439742,36.385,OK
float,3000,64,2,11.5049,10.3554,4.69365,12.6544,0.900088,0.450044,cblas_sgemm,0.758041,71.2362,OK
float,3000,96,2,7.26464,8.59077,7.43327,5.9385,1.18255,0.591273,cblas_sgemm,0.758041,71.2362,OK
float,3000,128,2,7.00753,8.7024,7.70599,5.31266,1.24186,0.620932,cblas_sgemm,0.758041,71.2362,OK
float,3000,192,2,7.70291,8.17676,7.01034,7.22906,1.06152,0.530758,cblas_sgemm,0.758041,71.2362,OK
float,3000,256,2,8.35783,7.27317,6.461,9.4425,0.870222,0.435111,cblas_sgemm,0.758041,71.2362,OK
float,3000,384,2,7.98433,6.85906,6.76325,9.10959,0.859066,0.429533,cblas_sgemm,0.758041,71.2362,OK
float,3000,512,2,7.97707,6.80136,6.76941,9.15277,0.852614,0.426307,cblas_sgemm,0.758041,71.2362,OK
float,3000,1000,2,7.12622,9.48637,7.57765,4.76606,1.33119,0.665597,cblas_sgemm,0.758041,71.2362,OK
float,3000,2000,2,7.37404,9.70272,7.32299,5.04536,1.31579,0.657897,cblas_sgemm,0.758041,71.2362,OK
float,3000,3000,2,10.0462,13.0569,5.37517,7.0355,1.29969,0.649843,cblas_sgemm,0.758041,71.2362,OK
double,3000,64,2,16.63,15.5914,3.24714,17.6687,0.937546,0.468773,cblas_dgemm,1.46044,36.9752,OK
double,3000,96,2,14.5496,14.8403,3.71143,14.259,1.01997,0.509987,cblas_dgemm,1.46044,36.9752,OK
double,3000,128,2,14.4938,14.8031,3.72573,14.1846,1.02134,0.510668,cblas_dgemm,1.46044,36.9752,OK
double,3000,192,2,13.9111,14.2343,3.8818,13.5878,1.02324,0.511619,cblas_dgemm,1.46044,36.9752,OK
double,3000,256,2,14.3982,14.4027,3.75047,14.3937,1.00031,0.500155,cblas_dgemm,1.46044,36.9752,OK
double,3000,384,2,14.6478,17.1418,3.68656,12.1538,1.17027,0.585133,cblas_dgemm,1.46044,36.9752,OK
double,3000,512,2,14.5873,16.5157,3.70184,12.659,1.13219,0.566096,cblas_dgemm,1.46044,36.9752,OK
double,3000,1000,2,13.8211,15.8042,3.90707,11.838,1.14349,0.571743,cblas_dgemm,1.46044,36.9752,OK
double,3000,2000,2,19.5651,25.2112,2.76002,13.9189,1.28858,0.644291,cblas_dgemm,1.46044,36.9752,OK
double,3000,3000,2,19.4619,25.7746,2.77465,13.1491,1.32436,0.662182,cblas_dgemm,1.46044,36.9752,OK
float,4000,64,2,23.4902,21.6664,5.44908,25.3141,0.922357,0.461178,cblas_sgemm,1.67693,76.33,OK
float,4000,96,2,23.3723,20.1718,5.47658,26.5727,0.863066,0.431533,cblas_sgemm,1.67693,76.33,OK
float,4000,128,2,20.4634,18.0937,6.25508,22.8331,0.884199,0.442099,cblas_sgemm,1.67693,76.33,OK
float,4000,192,2,20.5307,18.0327,6.23458,23.0286,0.878329,0.439164,cblas_sgemm,1.67693,76.33,OK
float,4000,256,2,16.6181,16.7054,7.70243,16.5309,1.00525,0.502625,cblas_sgemm,1.67693,76.33,OK
float,4000,384,2,16.6451,18.3254,7.68994,14.9649,1.10095,0.550473,cblas_sgemm,1.67693,76.33,OK
float,4000,512,2,19.172,21.0676,6.67641,17.2764,1.09887,0.549437,cblas_sgemm,1.67693,76.33,OK
float,4000,1000,2,18.5771,20.1835,6.8902,16.9707,1.08647,0.543235,cblas_sgemm,1.67693,76.33,OK
float,4000,2000,2,24.0042,32.3866,5.33239,15.6219,1.3492,0.674601,cblas_sgemm,1.67693,76.33,OK
float,4000,3000,2,23.2156,34.138,5.51354,12.2932,1.47048,0.735238,cblas_sgemm,1.67693,76.33,OK
float,4000,4000,2,24.1329,31.6454,5.30396,16.6205,1.3113,0.655648,cblas_sgemm,1.67693,76.33,OK
double,4000,64,2,37.1658,34.1852,3.44402,40.1465,0.919802,0.459901,cblas_dgemm,4.96783,25.7658,OK
double,4000,96,2,34.937,34.914,3.66374,34.9599,0.999343,0.499671,cblas_dgemm,4.96783,25.7658,OK
double,4000,128,2,34.8906,35.3781,3.66861,34.403,1.01397,0.506987,cblas_dgemm,4.96783,25.7658,OK
double,4000,192,2,35.7011,34.1474,3.58532,37.2548,0.956481,0.47824,cblas_dgemm,4.96783,25.7658,OK
double,4000,256,2,33.0624,32.2346,3.87147,33.8901,0.974965,0.487482,cblas_dgemm,4.96783,25.7658,OK
double,4000,384,2,31.5619,32.1903,4.05553,30.9334,1.01991,0.509955,cblas_dgemm,4.96783,25.7658,OK
double,4000,512,2,34.4705,38.0003,3.71332,30.9407,1.1024,0.5512,cblas_dgemm,4.96783,25.7658,OK
double,4000,1000,2,32.2776,38.5634,3.9656,25.9918,1.19474,0.597371,cblas_dgemm,4.96783,25.7658,OK
double,4000,2000,2,46.8237,62.7195,2.73366,30.9278,1.33948,0.669741,cblas_dgemm,4.96783,25.7658,OK
double,4000,3000,2,46.8777,63.283,2.73051,30.4724,1.34996,0.67498,cblas_dgemm,4.96783,25.7658,OK
double,4000,4000,2,48.0001,59.6776,2.66666,36.3227,1.24328,0.62164,cblas_dgemm,4.96783,25.7658,OK
