tipo_dado,dimensao,k_c,threads,tempo_paralelo_s,tempo_seq_s,gflops,overhead_s,speedup,eficiencia,tempo_cblas_s,gflops_cblas,status
float,1000,64,8,0.107469,0.26602,18.6101,0.59373,2.47533,0.309416,0.00877363,227.956,OK
float,1000,96,8,0.13369,0.197394,14.96,0.872127,1.4765,0.184563,0.00877363,227.956,OK
float,1000,128,8,0.0621707,0.22298,32.1695,0.274386,3.58657,0.448322,0.00877363,227.956,OK
float,1000,192,8,0.0533368,0.199891,37.4976,0.226803,3.74771,0.468464,0.00877363,227.956,OK
float,1000,256,8,0.0581999,0.188202,34.3643,0.277397,3.23371,0.404214,0.00877363,227.956,OK
float,1000,384,8,0.0789856,0.187992,25.3211,0.443892,2.38008,0.29751,0.00877363,227.956,OK
float,1000,512,8,0.0417192,0.194523,47.9395,0.139231,4.66268,0.582834,0.00877363,227.956,OK
float,1000,1000,8,0.0275885,0.149039,72.4939,0.0716689,5.40222,0.675278,0.00877363,227.956,OK
double,1000,64,8,0.160709,0.338679,12.4449,0.946993,2.10741,0.263426,0.0196264,101.904,OK
double,1000,96,8,0.0943045,0.263855,21.2079,0.490581,2.7979,0.349738,0.0196264,101.904,OK
double,1000,128,8,0.200477,0.295609,9.97621,1.30821,1.47453,0.184316,0.0196264,101.904,OK
double,1000,192,8,0.0743789,0.282364,26.8894,0.312667,3.79629,0.474536,0.0196264,101.904,OK
double,1000,256,8,0.112598,0.293031,17.7624,0.607751,2.60246,0.325307,0.0196264,101.904,OK
double,1000,384,8,0.0787071,0.306609,25.4107,0.323048,3.89557,0.486947,0.0196264,101.904,OK
double,1000,512,8,0.0672846,0.288682,29.7245,0.249595,4.29045,0.536307,0.0196264,101.904,OK
double,1000,1000,8,0.130182,0.4411,15.3631,0.600357,3.38833,0.423542,0.0196264,101.904,OK
float,2000,64,8,0.616626,1.41444,25.9477,3.51856,2.29384,0.286731,0.0752636,212.586,OK
float,2000,96,8,2.33845,1.52398,6.84213,17.1837,0.651705,0.0814631,0.0752636,212.586,OK
float,2000,128,8,0.488203,1.41875,32.7733,2.48687,2.90607,0.363259,0.0752636,212.586,OK
float,2000,192,8,0.544153,1.42875,29.4035,2.92447,2.62565,0.328206,0.0752636,212.586,OK
float,2000,256,8,1.01791,1.48357,15.7185,6.65968,1.45747,0.182184,0.0752636,212.586,OK
float,2000,384,8,0.447032,1.39351,35.7917,2.18274,3.11726,0.389657,0.0752636,212.586,OK
float,2000,512,8,0.404149,1.35079,39.5893,1.88241,3.3423,0.417788,0.0752636,212.586,OK
float,2000,1000,8,0.383544,1.76935,41.7162,1.299,4.61316,0.576645,0.0752636,212.586,OK
float,2000,2000,8,0.721426,2.17431,22.1783,3.59709,3.01391,0.376739,0.0752636,212.586,OK
double,2000,64,8,1.06585,1.82004,15.0116,6.70672,1.70761,0.213451,0.167576,95.4793,OK
double,2000,96,8,1.1001,1.71183,14.5442,7.08893,1.55607,0.194509,0.167576,95.4793,OK
double,2000,128,8,0.917697,1.95978,17.435,5.38179,2.13554,0.266943,0.167576,95.4793,OK
double,2000,192,8,1.20353,1.98138,13.2942,7.6469,1.6463,0.205787,0.167576,95.4793,OK
double,2000,256,8,0.808643,2.11305,19.7862,4.3561,2.61308,0.326635,0.167576,95.4793,OK
double,2000,384,8,1.18483,2.21123,13.5041,7.26738,1.86629,0.233286,0.167576,95.4793,OK
double,2000,512,8,0.759203,2.23214,21.0747,3.84149,2.9401,0.367513,0.167576,95.4793,OK
double,2000,1000,8,1.2651,4.61883,12.6473,5.50194,3.65097,0.456372,0.167576,95.4793,OK
double,2000,2000,8,2.18989,5.19444,7.3063,12.3247,2.37201,0.296501,0.167576,95.4793,OK
float,3000,64,8,4.09249,5.53957,13.1949,27.2004,1.35359,0.169199,0.2521,214.201,OK
float,3000,96,8,1.97966,3.91812,27.2775,11.9191,1.97919,0.247399,0.2521,214.201,OK
float,3000,128,8,2.53016,3.86318,21.3425,16.3781,1.52685,0.190857,0.2521,214.201,OK
float,3000,192,8,1.61862,4.28556,33.3618,8.6634,2.64766,0.330958,0.2521,214.201,OK
float,3000,256,8,1.7173,4.46329,31.4446,9.27513,2.59901,0.324877,0.2521,214.201,OK
float,3000,384,8,1.88967,4.63377,28.5764,10.4836,2.45216,0.30652,0.2521,214.201,OK
float,3000,512,8,1.79856,4.84194,30.024,9.54657,2.69212,0.336515,0.2521,214.201,OK
float,3000,1000,8,1.71932,4.44129,31.4078,9.31326,2.58317,0.322896,0.2521,214.201,OK
float,3000,2000,8,2.84778,9.52272,18.9621,13.2595,3.34391,0.417988,0.2521,214.201,OK
float,3000,3000,8,3.80667,9.53717,14.1856,20.9162,2.50539,0.313173,0.2521,214.201,OK
double,3000,64,8,7.32101,10.9933,7.37603,47.5748,1.50161,0.187701,0.7674,70.3675,OK
double,3000,96,8,4.4592,7.29448,12.1098,28.3791,1.63583,0.204478,0.7674,70.3675,OK
double,3000,128,8,4.11811,6.56979,13.1128,26.3751,1.59534,0.199418,0.7674,70.3675,OK
double,3000,192,8,3.31736,7.89376,16.278,18.6451,2.37953,0.297441,0.7674,70.3675,OK
double,3000,256,8,4.2731,7.30913,12.6372,26.8757,1.7105,0.213812,0.7674,70.3675,OK
double,3000,384,8,3.35389,8.25798,16.1007,18.5731,2.46221,0.307776,0.7674,70.3675,OK
double,3000,512,8,4.25549,8.70796,12.6895,25.336,2.04629,0.255786,0.7674,70.3675,OK
double,3000,1000,8,3.76323,10.6027,14.3494,19.5031,2.81746,0.352182,0.7674,70.3675,OK
double,3000,2000,8,7.13806,18.06,7.56509,39.0444,2.53011,0.316263,0.7674,70.3675,OK
double,3000,3000,8,8.31666,15.4422,6.49299,51.091,1.85678,0.232098,0.7674,70.3675,OK
float,4000,64,8,7.51078,9.58202,17.0422,50.5042,1.27577,0.159471,0.752694,170.056,OK
float,4000,96,8,10.5328,9.78551,12.1525,74.4769,0.929051,0.116131,0.752694,170.056,OK
float,4000,128,8,4.66153,9.89488,27.4588,27.3974,2.12267,0.265333,0.752694,170.056,OK
float,4000,192,8,4.8833,10.2157,26.2118,28.8507,2.09198,0.261497,0.752694,170.056,OK
float,4000,256,8,4.27008,9.89777,29.976,24.2629,2.31794,0.289742,0.752694,170.056,OK
float,4000,384,8,4.32429,9.81196,29.6002,24.7824,2.26903,0.283629,0.752694,170.056,OK
float,4000,512,8,4.06749,10.0797,31.4691,22.4602,2.47811,0.309764,0.752694,170.056,OK
float,4000,1000,8,4.39169,11.7509,29.1459,23.3827,2.67571,0.334463,0.752694,170.056,OK
float,4000,2000,8,6.57596,21.1423,19.4649,31.4654,3.21509,0.401886,0.752694,170.056,OK
float,4000,3000,8,7.37987,23.1645,17.3445,35.8744,3.13888,0.39236,0.752694,170.056,OK
float,4000,4000,8,9.96231,19.6443,12.8484,60.0542,1.97186,0.246483,0.752694,170.056,OK
double,4000,64,8,22.8258,16.4593,5.60769,166.147,0.721084,0.0901355,2.0044,63.8596,OK
double,4000,96,8,16.4289,19.4206,7.79115,112.011,1.1821,0.147763,2.0044,63.8596,OK
double,4000,128,8,14.2446,21.5538,8.98587,92.4029,1.51312,0.18914,2.0044,63.8596,OK
double,4000,192,8,24.3004,21.9563,5.2674,172.447,0.903536,0.112942,2.0044,63.8596,OK
double,4000,256,8,15.3521,19.1977,8.33761,103.619,1.25049,0.156312,2.0044,63.8596,OK
double,4000,384,8,8.67079,18.887,14.7622,50.4794,2.17823,0.272278,2.0044,63.8596,OK
double,4000,512,8,9.1146,19.874,14.0434,53.0428,2.18046,0.272557,2.0044,63.8596,OK
double,4000,1000,8,15.4814,39.8746,8.268,83.9763,2.57565,0.321957,2.0044,63.8596,OK
double,4000,2000,8,22.0918,46.8,5.79401,129.934,2.11843,0.264804,2.0044,63.8596,OK
double,4000,3000,8,20.194,39.2155,6.33852,122.336,1.94194,0.242743,2.0044,63.8596,OK
double,4000,4000,8,24.5895,40.5174,5.20548,156.198,1.64775,0.205969,2.0044,63.8596,OK
